id,Acc,PPV(Precision),NPV,TPR(Recall),TNR,MCC,ROC AUC,STD,PR AUC,F1,FPR
7zgq_B,0.5111111111105432,0.0,0.5111111111105432,0.0,0.9999999999978261,0.0,0.47702568769454956,0.1772238831085413,0.5006508231163025,0.0,0.0
8ap8_M,0.291666666666059,0.0,0.291666666666059,0.0,0.9999999999928572,0.0,0.5168067216873169,0.21587360758173893,0.7549592852592468,0.0,0.0
8asi_D,0.31034482758513676,0.0,0.3214285714274235,0.0,0.899999999991,-0.26049403612550664,0.5842105150222778,0.21278253891472176,0.7356578707695007,0.0,0.099999999999
8asj_D,0.3793103448262783,0.0,0.3928571428557398,0.0,0.9166666666590277,-0.22493385271031172,0.5147058963775635,0.21278253891472176,0.6192893385887146,0.0,0.08333333333263888
8bee_Z,0.25925925925829907,1.0000000001,0.28571428571326535,-0.05263157894709142,0.9999999999875,,0.6118420958518982,0.2285706297045462,0.8252735733985901,0.0,0.0
8dga_K,0.6868131868128095,-0.0,0.6793478260865874,0.0,1.0162601626007999,,0.5308667421340942,0.19276638742955107,0.3284834921360016,0.0,-0.016260162601612796
