id,Acc,PPV(Precision),NPV,TPR(Recall),TNR,MCC,ROC AUC,STD,PR AUC,F1,FPR
8ap8_M,0.291666666666059,0.0,0.291666666666059,0.0,0.9999999999928572,0.0,0.5168067216873169,0.21587360758173893,0.7549592852592468,0.0,0.0
