id,Acc,PPV(Precision),NPV,TPR(Recall),TNR,MCC,ROC AUC,STD,PR AUC,F1,FPR
8ibl_A,0.9732824427477201,0.0,0.9732824427477201,0.0,0.9999999999996079,0.0,0.42829132080078125,0.026078715130898135,0.0258584413677454,0.0,0.0
8ibm_A,0.9694656488545919,0.0,0.9694656488545919,0.0,0.9999999999996063,0.0,0.5167322754859924,0.022460956671425537,0.03908822312951088,0.0,0.0
8e51_B,0.9466019417471133,0.9999999999954546,0.9402173913038369,0.6666666666646465,0.999999999999422,0.7917143387629609,0.9870380163192749,0.23985682148755574,0.941715657711029,0.800000011920929,0.0
7ug8_A,0.9726443768994004,0.0,0.9726443768994004,0.0,0.9999999999996876,0.0,0.7831597328186035,0.02041654864372916,0.13490167260169983,0.0,0.0
8cp0_A,0.9596541786740751,0.999999999990909,0.9583333333330482,0.43999999999824,0.9999999999996895,0.64935865795926,0.9926708340644836,0.14837004079108357,0.9208584427833557,0.6111111044883728,0.0
7ziy_A,0.9965870307163834,0.0,0.9965870307163834,0.0,0.9999999999996576,0.0,0.9760273694992065,0.010755873372542628,0.125,0.0,0.0
7zy3_A,0.9831223628687835,0.0,0.9831223628687835,0.0,0.9999999999995709,0.0,0.9645922780036926,0.03727402197254636,0.4788961112499237,0.0,0.0
7xk7_C,0.9721115537844733,0.0,0.9721115537844733,0.0,0.9999999999995902,0.0,0.25380560755729675,0.01395277864342835,0.02292383275926113,0.0,0.0
8d1o_E,0.9940828402363924,0.0,0.9940828402363924,0.0,0.9999999999997025,0.0,0.4055059552192688,0.04035440985153436,0.006994116585701704,0.0,0.0
