id,Acc,PPV(Precision),NPV,TPR(Recall),TNR,MCC,ROC AUC,STD,PR AUC,F1,FPR
7qxa_L,0.8765432098754611,0.5454545454495868,0.928571428570102,0.5454545454495868,0.928571428570102,0.47402597402591246,0.9103896021842957,0.2227306946643839,0.5123308300971985,0.5454545617103577,0.07142857142846938
8c9b_S,0.7578947368413075,0.5172413793085613,0.863636363635055,0.6249999999973959,0.80281690140732,0.40366562375670184,0.8095657229423523,0.35460109979750987,0.4952505826950073,0.5660377740859985,0.19718309859127156
7yex_A,0.9187499999994259,0.0,0.9187499999994259,0.0,0.9999999999993198,0.0,0.8396127820014954,0.040645868611952705,0.44233864545822144,0.0,0.0
8e87_A,0.8941176470586132,0.06818181818166322,0.9895013123356984,0.4285714285653061,0.9019138755978704,0.138070369502716,0.8973000645637512,0.25971945638830624,0.21242623031139374,0.11764706671237946,0.0980861244018904
7u0y_H,0.9372197309412839,0.799999999984,0.9403669724766329,0.23529411764567476,0.9951456310674781,0.4130496085151242,0.9366076588630676,0.13976699073669666,0.5769241452217102,0.3636363446712494,0.004854368932036479
8e8b_A,0.8964705882350832,0.04545454545444215,0.994750656167718,0.4999999999875,0.9002375296909976,0.12685279097495517,0.8951900005340576,0.2523883182866179,0.05277680605649948,0.0833333358168602,0.09976247030876491
