id,predicted_binding_sites,Acc,PPV(Precision),NPV,TPR(Recall),TNR,MCC,ROC AUC,STD,PR AUC,F1,FPR
7yiy_A,,0.8274231678485042,0.7682926829258923,0.8416422287387562,0.5384615384610782,0.9379084967317197,0.5390312749145771,0.8888609409332275,0.28055199752185345,0.773625373840332,0.6331658363342285,0.06209150326795357
